"","DA01128","DA00755","DA01157","DA01259","DA00886","DA00810","DA00491","DA00153","DA00885","DA00318","DA01211","DA01231","DA00953","DA01223","DA00236","DA01203","DA01441","DA01134","DA00346","DA01467","DA00984","DA01482","DA01255","DA01547","DA01571","DA01072","DA01556","DA00565","DA00812","DA00595","DA00997","DA00165","DA01381","DA01073","DA00382","DA01380","DA00621","DA00884","DA00949","DA01588","DA01076","DA00369","DA00581","DA00721","DA01555","DA00658","DA00908","DA01324","DA00383","DA00673","DA01370","DA00703","DA01044","DA01242","DA01501","DA00678","DA01408","DA00632","DA00955","DA00299","DA00498","DA00815","DA01161","DA00603","DA00927","DA01071","DA01291","DA01495","DA00155","DA00307","DA01024","DA01026","DA01109","DA00530","DA01193","DA00331","DA00687","DA00431","DA00896","DA00926"
"Otu00539",0,2,0,0,0,0,0,0,0,0,0,0,0,0,0,0,0,0,0,0,0,0,0,0,0,0,0,0,0,0,0,0,0,0,0,0,0,0,0,0,0,0,1,0,0,0,0,0,0,0,0,0,0,0,0,0,0,0,0,0,0,0,0,0,0,0,0,0,0,0,0,0,0,0,0,0,0,0,0,0
"Otu00499",0,0,0,0,0,0,0,0,1,1,0,0,0,0,0,0,0,0,0,0,0,0,0,0,0,0,1,0,0,0,0,0,0,0,0,0,0,0,0,0,0,0,0,0,0,0,0,0,0,0,0,0,0,0,0,0,0,0,3,0,1,0,1,0,0,0,0,0,0,0,0,0,0,0,0,0,0,0,0,1
"Otu00072",1,0,0,0,0,0,0,0,0,0,0,0,0,0,0,0,0,56,0,0,0,0,0,0,0,0,5,0,0,0,0,3,0,0,0,0,25,0,0,2,0,0,13,0,0,0,0,0,0,0,0,0,0,0,0,0,0,0,0,0,0,9,0,0,0,0,0,0,12,0,0,0,20,0,0,0,0,0,0,0
"Otu00189",0,0,0,0,0,0,0,0,0,0,0,21,0,0,0,0,0,0,0,0,0,0,0,0,0,0,0,0,0,0,0,0,0,0,0,0,0,0,0,0,0,0,0,0,0,1,0,0,0,0,0,0,0,0,0,0,0,0,0,0,0,0,0,0,0,0,0,0,0,0,0,0,0,0,0,0,0,0,0,0
"Otu00298",0,0,0,0,0,0,0,0,0,5,0,0,0,0,0,0,0,0,0,0,0,0,0,0,0,0,0,0,0,0,0,0,0,0,0,0,0,0,0,0,0,0,0,0,0,0,0,0,0,2,0,0,0,0,0,0,0,0,0,0,0,0,0,0,0,0,0,0,0,5,0,0,0,0,0,0,0,0,0,0
"Otu00573",2,0,0,0,2,1,0,1,0,0,0,0,0,0,1,0,0,0,0,0,0,0,0,0,0,0,0,0,0,0,0,0,0,0,0,0,0,0,0,0,0,0,0,0,0,0,0,0,0,0,0,0,0,0,0,0,0,0,0,0,0,0,0,0,0,0,0,0,3,0,0,0,0,0,0,0,0,0,0,0
"Otu00345",0,0,0,0,0,4,0,0,0,0,0,0,0,0,0,0,0,11,0,0,0,0,0,0,0,0,0,0,0,0,0,0,0,0,0,0,0,0,0,0,0,0,0,0,0,0,0,0,0,0,0,0,0,0,0,0,0,0,0,0,0,0,0,0,0,0,0,0,0,0,0,0,0,0,0,0,0,0,0,0
"Otu00061",2,0,0,0,8,0,0,0,0,0,0,0,5,2,5,0,0,0,0,5,0,0,4,0,0,8,4,0,0,0,0,0,1,0,0,0,0,0,0,0,0,0,0,1,0,0,2,0,0,0,0,0,0,0,2,0,162,0,0,0,0,0,0,72,1,30,0,0,1,0,0,7,0,0,0,0,0,0,0,0
"Otu00536",0,0,0,0,0,0,0,0,0,0,0,0,0,0,0,0,0,0,0,0,0,0,0,0,1,0,0,0,0,0,0,0,0,0,0,0,0,0,0,0,0,0,0,0,0,0,0,0,0,0,0,0,0,0,0,0,0,0,0,0,0,0,0,0,0,0,2,0,0,0,0,0,0,0,1,0,0,0,0,0
"Otu00235",0,0,0,0,0,0,0,253,0,0,0,0,0,0,0,0,0,0,0,0,0,0,0,0,0,0,0,0,0,0,0,0,0,0,0,0,0,0,0,0,0,0,0,0,0,0,0,0,0,0,0,0,0,0,0,0,0,0,0,0,0,0,0,0,0,0,0,0,0,0,0,0,0,0,0,0,0,0,0,0
"Otu00605",0,0,0,2,0,0,0,0,0,0,0,0,0,0,0,0,0,0,0,0,0,0,0,0,0,0,0,0,0,0,0,0,0,0,0,0,0,0,0,0,0,0,0,0,0,0,0,0,0,0,0,0,0,0,0,0,0,0,0,0,0,0,1,0,0,0,0,0,0,0,0,0,0,0,0,0,0,0,0,0
"Otu00229",0,0,0,0,0,0,0,0,0,0,0,0,0,0,0,0,0,1,0,0,0,0,0,0,0,0,0,0,2,0,0,0,0,0,0,0,0,0,0,0,0,1,0,0,0,0,0,0,0,0,0,0,0,0,0,0,0,0,0,0,0,0,0,0,0,0,0,0,0,0,0,0,0,0,0,0,0,0,0,0
"Otu00594",0,0,0,0,0,0,0,0,0,0,0,1,0,0,0,0,0,0,1,0,0,0,0,0,0,0,0,0,0,0,0,0,0,0,0,0,0,0,0,0,0,0,0,0,0,0,0,0,0,0,0,0,0,0,0,0,0,0,0,0,0,0,0,0,0,0,0,0,0,0,0,0,0,0,0,0,0,0,0,0
"Otu00108",0,0,0,34,0,0,0,0,0,5,0,0,0,1,3,9,0,0,1,2,66,0,0,21,0,0,0,0,0,0,0,0,0,40,0,4,0,0,0,0,0,0,0,0,0,0,0,0,4,0,2,0,0,0,1,0,0,0,0,0,3,0,76,1,0,0,0,0,2,0,0,10,0,0,1,0,0,0,0,0
"Otu00142",0,0,0,0,0,0,0,159,0,0,0,49,0,0,0,0,0,0,0,0,0,0,0,0,0,0,0,1,0,0,0,0,0,0,0,0,0,0,0,0,0,0,0,0,0,0,0,0,0,0,0,0,0,0,0,0,0,0,0,0,0,54,0,0,0,0,0,0,0,0,0,0,0,0,0,0,0,0,0,0
"Otu00054",136,0,0,830,3,2,0,208,0,1,144,1,0,1,0,0,0,0,15,1077,4,57,2,23,2,0,0,0,0,29,11,5,0,0,0,11,2,0,0,0,1,0,0,0,0,0,0,5,0,0,0,0,27,0,2,0,0,0,216,1,1,0,7,0,0,0,0,0,0,29,1,0,0,1,29,0,14,2,0,8
"Otu00202",0,5,0,5,1,0,0,3,0,0,0,0,76,0,4,0,0,0,0,0,0,0,1,6,0,0,0,0,0,0,0,0,0,0,2,0,1,0,0,0,0,0,0,0,0,0,0,0,1,0,0,1,0,0,0,0,1,0,0,0,0,0,0,0,0,0,0,0,0,0,0,0,0,0,0,0,0,0,0,0
"Otu00356",0,0,0,0,0,0,0,0,0,0,0,0,0,38,0,0,0,0,0,0,0,0,0,0,0,0,0,0,0,0,0,0,0,0,0,0,0,0,0,0,0,0,0,0,1,0,0,0,0,0,0,0,0,0,0,0,0,0,2,0,0,0,0,0,0,34,0,0,0,0,0,0,0,0,0,0,0,0,0,0
"Otu00301",0,0,0,0,0,0,0,0,0,0,0,0,0,0,0,0,0,0,0,0,0,0,0,0,0,0,0,0,0,0,0,0,0,0,0,0,0,0,0,0,0,0,0,0,0,0,0,0,0,0,0,0,0,0,0,0,0,0,0,0,0,0,0,0,0,0,0,0,0,0,0,0,0,0,0,0,0,0,0,9
"Otu00432",0,0,0,0,2,0,0,0,1,0,0,0,0,0,0,0,0,0,0,0,0,0,0,0,0,0,0,0,0,0,0,0,0,0,0,0,0,0,1,0,0,0,0,0,0,0,0,0,0,0,0,0,0,0,0,0,0,0,0,0,3,0,0,0,0,1,0,1,0,1,0,0,0,0,0,0,0,0,0,0
"Otu00797",0,0,0,0,0,0,1,0,0,0,0,0,1,0,0,0,0,0,0,0,0,0,0,0,0,0,0,0,0,0,0,0,0,0,0,0,0,0,0,0,0,0,0,0,0,0,0,0,0,0,0,0,0,0,1,0,0,0,0,0,0,0,0,0,0,0,0,0,0,0,0,0,0,0,0,0,0,0,0,0
"Otu00544",0,0,0,0,0,0,0,0,0,0,0,0,0,0,0,0,0,0,0,0,0,0,0,0,0,0,0,0,0,0,0,0,0,0,0,0,0,0,0,0,0,0,0,0,0,0,0,0,0,0,0,0,0,0,0,0,0,0,0,0,0,0,0,0,0,0,0,10,0,0,0,0,0,0,0,0,0,0,0,0
"Otu00267",8,0,0,3,0,0,2,1,8,31,2,3,2,3,0,0,0,0,0,13,0,0,0,0,0,0,2,0,0,0,0,1,0,0,0,0,0,1,0,0,0,0,0,0,0,0,0,0,0,0,0,0,1,0,0,0,0,0,1,0,0,0,0,0,0,0,0,0,0,0,0,0,0,0,1,0,0,0,0,0
"Otu00761",0,0,0,0,0,0,1,0,0,1,0,0,0,0,0,0,0,0,0,0,0,0,0,0,0,0,0,0,0,0,0,0,0,0,0,0,0,0,0,0,1,0,0,0,0,0,0,0,0,0,0,0,0,0,0,0,0,0,0,0,0,0,0,0,0,0,0,0,0,0,0,0,0,0,0,0,0,0,0,0
"Otu00726",0,0,0,0,0,0,0,0,0,0,0,0,7,0,0,0,0,0,0,0,2,0,0,0,0,0,0,0,0,0,0,0,0,0,0,0,0,0,0,0,0,0,0,0,0,0,0,0,0,0,0,0,0,0,0,0,0,0,0,0,0,0,0,0,0,0,0,0,0,0,0,0,0,0,0,0,0,0,0,0
"Otu00547",0,0,0,0,0,0,0,0,0,0,0,0,0,0,0,0,0,0,0,0,0,0,0,0,0,0,0,0,0,0,0,0,0,0,0,0,0,0,0,0,0,0,0,0,0,0,0,0,5,0,2,0,0,0,0,0,0,0,0,0,0,0,0,0,0,0,0,0,0,0,0,0,0,0,0,0,0,0,0,0
"Otu00541",0,0,0,0,0,0,0,0,0,0,0,0,0,0,0,0,0,0,0,0,0,0,0,0,0,0,0,0,0,0,0,0,0,0,0,0,0,0,0,0,0,0,0,0,0,0,0,0,0,0,0,0,0,4,0,0,0,0,0,0,0,0,0,0,0,0,0,0,0,0,0,0,0,0,0,0,0,0,0,0
"Otu00104",0,0,0,0,3,9,9,7,4,5,0,1,17,0,0,0,0,0,2,18,1,6,2,0,0,1,0,3,0,0,1,119,0,1,0,3,0,1,6,0,0,0,0,0,1,0,50,2,0,0,0,0,4,0,0,0,0,0,0,1,5,0,0,2,0,0,0,5,0,5,0,0,0,0,3,0,0,5,0,14
"Otu00070",0,2,0,0,0,0,0,28,0,0,0,0,0,0,0,0,5,19,0,0,0,0,1,0,30,61,0,0,0,0,13,0,0,10,0,0,0,0,0,0,0,0,0,0,0,0,0,0,0,0,0,0,0,0,0,0,0,0,0,0,0,0,0,0,7,0,0,0,0,0,0,1,0,0,0,0,0,6,0,0
"Otu00023",864,0,0,18,17,6,86,420,664,0,178,0,4,6,0,1,29,38,47,9,0,35,0,0,12,0,0,10,14,24,0,6,4,1,3,20,0,0,2,0,49,0,1,26,98,7,0,16,3,0,99,7,770,0,0,1,0,22,0,5,355,0,27,0,5,0,1,85,22,0,0,6,0,0,0,1,0,0,0,14
"Otu00085",73,3,0,11,0,0,0,0,82,0,90,1,0,29,1,3,0,0,114,1,31,0,0,0,0,3,0,59,48,3,2,73,7,0,0,0,0,0,0,0,0,0,0,0,0,0,0,0,10,16,110,0,0,0,2,76,0,10,0,0,0,0,432,0,1,0,6,1,0,43,0,0,0,2,0,21,0,0,0,0
"Otu00754",2,0,0,0,0,0,0,0,0,0,0,0,0,0,0,0,0,0,0,0,0,0,0,0,1,0,0,0,0,0,0,0,0,0,0,0,0,0,0,0,0,0,0,0,0,0,0,0,0,0,0,0,0,0,0,0,0,0,0,0,0,0,0,0,0,0,0,0,0,0,0,0,0,0,0,0,0,0,0,0
"Otu00204",0,0,0,0,1,1,0,0,0,2,0,0,0,0,1,4,5,1,0,8,0,5,0,0,0,0,15,0,0,0,0,1,0,0,0,7,0,4,0,4,0,0,0,0,10,0,17,0,2,0,0,0,0,0,0,0,0,0,0,1,0,0,0,1,0,0,0,0,0,1,6,7,18,0,0,0,0,0,3,0
"Otu00223",7,0,0,0,0,0,1,0,0,0,0,0,0,0,0,0,1,0,0,1,0,1,0,6,0,0,0,0,0,0,0,0,0,0,0,0,0,0,0,1,0,0,0,0,7,0,45,0,0,0,0,0,0,0,6,0,0,0,0,0,0,0,0,0,0,0,0,0,0,0,0,0,88,0,0,0,0,0,0,0
"Otu00035",0,490,100,0,47,0,9,74,2,2304,0,27,50,1100,72,20,0,10,0,0,0,20,1,0,2,0,0,0,22,556,0,0,47,0,5,0,0,0,7,0,0,85,0,0,0,43,2,0,1,84,0,0,0,0,1,0,0,0,0,1,0,5,0,0,79,0,0,0,0,0,0,0,0,5,0,0,0,30,2,0
"Otu00244",0,0,0,0,0,12,0,0,0,0,0,0,0,0,0,0,0,0,0,0,0,0,0,0,0,0,0,5,0,0,0,0,0,0,0,0,0,0,0,0,0,0,0,0,0,0,0,0,0,0,0,0,0,0,0,0,0,0,0,2,0,0,0,0,0,0,0,0,0,0,2,0,0,0,0,15,0,0,12,0
"Otu00030",18,338,81,261,9,0,0,28,1,273,0,72,0,13,41,0,20,0,71,0,0,0,15,119,230,328,20,64,19,0,0,0,197,92,368,0,0,0,3,0,163,0,123,0,3,0,1,55,38,196,751,0,0,346,0,97,0,32,0,72,0,11,25,0,137,0,0,0,21,0,114,0,3,0,0,75,0,27,2,0
"Otu00595",0,0,1,0,0,0,0,0,0,0,0,0,0,0,0,0,0,0,0,0,0,0,0,0,0,8,0,0,0,0,0,0,1,0,0,0,0,0,0,0,0,0,0,0,0,0,0,0,0,0,0,0,0,0,0,0,0,0,0,0,0,0,0,0,0,0,0,0,0,0,0,0,0,0,0,0,1,0,0,0
"Otu00242",0,0,0,0,0,0,0,0,3,9,0,0,0,209,0,9,0,0,0,0,0,0,0,0,0,0,0,0,0,0,0,0,0,0,0,0,0,0,0,0,0,0,0,0,0,0,0,0,0,0,0,0,0,0,0,0,0,0,0,0,0,0,0,0,0,0,0,0,0,0,11,0,0,0,0,0,0,0,0,0
"Otu00033",61,0,8,30,3,4,33,0,44,0,362,60,0,35,2,18,5,0,0,0,0,0,25,0,0,0,0,11,0,0,0,42,1,53,0,27,11,33,0,0,0,6,2,58,1057,0,0,114,387,0,0,0,14,0,0,56,0,92,0,0,0,0,0,0,1075,0,0,0,0,0,19,0,0,40,0,6,0,3,0,17
"Otu00163",0,0,0,0,0,0,0,0,0,0,92,0,0,0,0,0,0,0,0,0,0,0,0,0,0,0,0,0,0,0,0,0,0,0,0,0,0,0,0,0,0,0,0,0,0,0,0,0,0,0,0,0,0,0,0,0,0,0,0,0,0,0,0,0,0,0,0,0,0,0,0,0,0,0,0,1,0,0,0,0
"Otu00590",0,0,0,0,0,0,0,1,0,0,0,3,0,0,0,0,0,0,0,0,0,0,0,0,0,0,0,0,0,0,0,0,0,0,0,0,0,0,0,0,0,0,0,0,0,1,0,0,0,0,0,0,0,0,0,0,0,0,0,0,0,0,0,0,0,0,0,0,0,0,0,0,0,0,0,0,0,0,0,0
"Otu00178",0,4,0,0,3,0,0,0,0,0,4,0,0,0,2,0,0,0,0,0,0,0,0,0,0,0,0,6,0,0,0,0,0,0,0,0,0,0,0,0,0,4,4,0,0,0,0,0,0,0,0,0,0,0,0,0,0,0,0,0,0,0,0,0,0,0,0,0,0,0,0,0,0,0,0,0,0,0,0,0
"Otu00013",3,0,5,0,36,0,159,10,13,43,72,0,0,11,15,126,25,0,0,32,179,124,0,79,2,0,39,1,0,0,6,11,4,13,12,0,0,1,2382,340,70,9,0,0,0,59,111,0,666,11,71,5,1,0,119,0,0,27,287,93,1090,23,230,29,0,0,8,155,0,0,126,134,0,10,21,64,4,3,0,62
"Otu00087",17,0,15,0,0,0,0,1,1,146,9,0,0,0,0,0,0,0,0,0,0,0,0,0,0,0,0,0,0,0,0,0,0,0,0,0,24,0,0,0,0,0,0,0,0,0,0,0,0,0,0,0,0,0,0,0,3,0,0,0,0,0,0,0,0,0,0,0,0,0,0,0,0,18,0,0,0,0,1,0
"Otu00100",3,10,0,0,33,11,19,11,161,12,7,2,0,8,0,0,0,45,0,20,32,25,0,0,3,1,0,0,0,0,6,0,1,0,1,8,0,0,0,1,0,0,0,58,0,7,0,0,0,0,8,3,24,0,0,3,63,0,0,0,0,0,0,27,0,0,0,0,0,35,0,0,0,0,69,0,0,0,0,0
"Otu00060",122,42,0,0,2,9,0,19,9,107,25,0,3,0,1,0,1,33,0,0,35,0,2,0,22,0,0,6,0,25,2,0,0,5,7,2,18,0,0,2,0,4,2,14,0,19,0,0,144,0,3,17,58,25,0,2,8,12,0,16,51,0,0,0,8,1,0,0,2,5,23,0,2,23,0,1,16,0,0,1
"Otu00480",0,0,0,0,0,0,0,0,0,0,0,0,1,0,0,0,0,0,4,6,2,0,0,0,0,0,0,0,0,0,0,0,0,0,3,0,0,0,0,0,0,0,0,0,0,0,0,0,0,0,0,0,0,0,0,0,0,0,0,0,0,0,0,0,0,0,0,0,0,0,0,0,0,0,0,0,0,0,0,0
"Otu00105",0,0,0,0,3,0,0,0,1,0,0,0,0,0,0,4,0,0,0,0,0,0,0,0,0,0,0,0,0,0,0,0,0,0,0,0,0,0,0,0,90,0,0,0,0,0,0,0,0,0,0,0,0,0,0,0,0,0,0,0,0,0,0,0,0,0,0,0,0,0,0,0,0,0,0,0,0,0,0,0
"Otu00154",0,0,0,0,0,0,0,0,0,0,1,0,0,0,0,0,0,0,0,0,0,0,0,0,0,0,0,0,0,0,0,0,0,0,0,0,0,0,0,0,9,0,0,0,1,1,0,0,0,0,0,0,0,0,0,0,0,0,0,0,0,0,0,0,0,3,0,0,0,0,0,0,0,0,0,0,0,0,0,0
"Otu00141",8,0,0,0,40,0,35,0,3,58,0,0,0,170,0,0,0,1,1,0,0,0,0,0,0,0,0,1,0,3,1,0,0,0,0,0,3,0,0,0,0,0,0,0,0,0,0,0,0,0,0,0,0,0,0,0,0,0,0,0,0,0,0,0,0,0,0,8,0,0,0,0,0,0,0,0,0,0,0,0
"Otu00404",0,0,0,0,0,0,0,0,0,0,0,0,0,0,0,0,0,0,0,0,0,0,0,0,0,0,0,0,53,0,0,0,0,0,0,0,0,0,0,0,0,0,0,0,0,0,0,0,0,0,0,0,0,0,0,0,0,0,0,0,0,0,0,0,0,0,0,0,0,0,0,0,0,0,0,0,0,0,0,0
"Otu00096",0,0,0,0,0,0,0,0,0,30,0,0,0,0,0,0,0,0,0,0,0,0,0,0,0,0,0,0,0,0,0,0,0,0,0,0,0,0,0,0,0,0,0,0,0,0,0,0,0,0,0,0,0,0,0,0,0,0,0,0,0,0,0,0,15,0,0,0,0,0,44,0,0,0,0,0,0,0,0,0
"Otu01202",0,0,0,0,0,0,0,0,0,0,0,0,0,0,0,0,0,0,0,0,0,0,0,0,0,0,0,0,0,0,0,1,0,0,0,0,0,0,0,0,0,0,0,0,0,0,0,0,0,0,0,0,0,0,0,0,1,0,0,0,0,0,0,0,0,0,0,0,0,0,0,0,0,0,0,0,0,0,0,0
"Otu00052",0,0,0,0,0,0,0,0,0,0,0,0,0,0,0,0,0,0,0,0,0,0,0,0,0,0,0,0,0,0,0,0,0,0,0,0,0,0,0,0,0,0,0,0,0,0,0,0,0,0,0,0,0,0,0,0,0,0,0,0,0,0,0,0,0,0,0,0,0,0,0,0,0,0,0,0,0,1,0,0
"Otu00082",0,0,0,0,20,0,0,5,0,0,0,14,0,0,1,0,0,0,0,278,0,36,0,0,0,0,0,0,0,0,0,0,1,0,0,0,0,0,0,3,0,0,0,0,0,0,1,0,0,0,0,0,0,0,0,0,0,0,0,1,0,0,0,0,0,12,0,0,0,0,0,8,13,0,0,0,0,0,0,0
"Otu00622",0,0,0,0,0,0,0,0,0,0,0,0,0,0,0,0,0,0,0,0,0,0,0,0,0,0,0,0,0,0,0,0,0,0,0,0,0,0,0,0,0,0,0,1,0,0,0,0,0,0,0,0,0,0,0,0,0,0,0,0,0,1,0,0,0,0,0,0,0,0,0,0,0,0,0,0,0,0,0,0
"Otu00051",13,45,0,2,3,3,99,0,44,0,0,108,9,4,7,0,0,0,99,0,10,58,5,2,37,264,4,14,19,4,12,0,156,0,11,13,15,5,0,14,0,12,42,152,1,13,0,3,0,5,17,0,1,0,106,46,0,20,13,0,50,16,61,123,28,5,0,0,0,11,2,8,0,0,0,2,33,0,1,4
"Otu00107",0,0,0,0,0,0,0,0,0,0,0,0,0,0,0,0,0,0,0,0,0,0,0,0,0,0,4,0,1,0,0,0,0,0,0,0,0,0,0,0,0,0,0,0,0,0,0,0,0,0,0,0,0,0,0,0,0,0,0,0,0,0,0,0,0,0,0,0,0,0,0,0,0,0,0,0,0,0,0,0
"Otu00489",0,0,0,0,0,0,0,0,0,0,0,0,0,0,0,0,0,0,0,0,0,0,0,0,2,0,0,0,0,0,0,0,0,0,0,0,0,0,0,0,0,0,0,0,0,0,0,0,0,0,0,0,0,0,0,0,0,0,0,0,0,0,0,0,0,0,0,0,0,0,0,0,0,0,0,0,0,0,0,0
"Otu00309",0,0,0,0,0,1,0,0,9,0,0,0,0,0,0,0,0,0,0,0,0,0,0,0,0,0,0,0,0,1,0,1,0,0,0,0,0,0,0,0,0,0,0,0,0,0,0,0,0,0,0,0,3,0,0,0,0,0,0,0,0,0,0,0,0,0,0,0,0,0,0,0,0,0,1,0,0,0,0,0
"Otu00553",0,0,0,0,0,0,0,0,0,0,0,0,0,0,0,0,0,0,2,0,0,5,0,0,0,8,0,0,0,0,0,0,0,0,0,0,0,0,0,0,0,0,0,0,0,0,0,0,0,0,0,0,0,0,0,0,0,0,0,0,0,0,0,0,0,0,0,0,0,0,0,0,0,0,0,0,0,0,0,0
"Otu00053",1,3,0,0,2,0,0,0,0,0,0,0,0,0,0,0,0,0,14,0,0,0,0,25,1,0,0,0,0,1,0,0,0,0,0,0,0,0,0,0,0,0,18,0,0,0,0,0,0,0,0,8,0,0,4,0,0,0,0,0,0,0,0,34,0,0,0,0,0,0,0,0,3,0,0,0,0,0,0,0
"Otu00058",5,0,0,0,4,0,1,0,0,15,0,0,21,10,0,0,0,76,1,0,5,37,0,0,0,0,0,0,0,0,1,0,0,0,0,1,0,0,0,0,179,1,0,0,0,0,0,10,0,0,160,0,0,0,0,0,0,0,0,0,0,0,0,23,1,0,0,0,1,0,0,0,0,0,0,0,0,0,0,0
"Otu00057",29,0,79,3,1,21,14,20,102,0,2,78,38,64,9,5,2,22,31,0,0,0,0,0,0,284,0,56,0,11,10,0,0,0,30,1,42,4,0,1,0,16,16,81,0,86,0,0,0,5,4,16,9,47,0,44,0,0,0,0,0,5,0,0,0,0,0,2,0,0,0,0,0,1,85,27,0,0,1,0
"Otu00398",0,1,0,0,0,0,0,0,0,0,0,0,0,0,0,0,1,0,0,4,0,0,0,0,0,0,20,0,0,0,0,0,0,0,0,0,0,0,0,4,0,0,0,0,4,0,4,0,0,0,0,0,0,0,1,0,0,0,0,0,0,0,0,0,0,0,0,0,0,0,0,0,21,0,0,0,0,0,0,0
"Otu00681",0,0,0,1,0,0,0,0,0,0,0,0,1,0,0,0,0,0,0,0,0,0,0,0,0,0,0,0,0,0,0,0,1,0,0,0,0,0,0,0,0,0,0,0,0,0,0,0,0,0,0,0,0,0,0,0,0,0,0,1,0,0,0,0,0,0,0,0,0,0,0,0,0,0,0,0,0,0,0,0
"Otu00516",0,0,0,0,0,0,1,0,0,0,0,0,0,0,0,0,0,0,0,2,0,0,0,0,0,0,3,0,0,0,0,0,0,0,0,0,0,0,0,0,0,0,0,0,2,0,0,0,0,0,0,0,0,0,0,0,0,0,0,0,0,0,0,0,0,0,0,0,0,0,0,0,0,0,0,0,0,0,0,0
"Otu00373",0,0,0,0,0,1,0,0,0,0,0,0,0,0,2,0,0,0,0,0,0,0,0,0,0,0,6,0,0,0,0,0,0,0,0,0,0,2,0,1,0,0,0,0,2,0,2,1,0,0,0,0,0,0,2,0,0,0,1,0,1,0,0,0,0,0,0,0,0,0,0,4,0,0,0,0,1,0,0,0
"Otu00307",0,0,0,0,0,0,0,0,0,0,0,0,0,0,0,0,0,0,0,0,0,0,0,0,0,0,0,0,0,0,0,1,0,0,0,0,0,0,0,0,0,0,0,0,0,0,0,0,0,0,0,0,0,0,0,0,0,0,0,0,0,0,0,0,0,0,0,0,0,0,0,1,0,0,0,0,0,0,0,0
"Otu00081",0,21,0,0,0,0,1,0,120,63,28,32,0,2,1,7,0,0,0,0,0,1,26,0,0,0,248,2,0,0,9,4,0,0,8,0,7,3,0,27,0,6,3,6,0,0,3,17,0,33,0,5,75,9,0,0,446,30,0,0,0,0,86,0,5,1,63,0,0,4,14,0,1,5,0,1,25,0,0,0
"Otu00160",0,0,0,0,0,0,0,0,0,0,0,0,0,0,0,0,0,1,0,0,0,0,0,0,0,0,0,0,0,0,0,0,0,0,0,0,0,0,0,0,0,0,0,0,0,0,0,0,0,0,0,0,0,0,0,0,0,0,0,0,0,0,0,0,0,0,0,0,0,0,0,0,0,0,0,0,0,0,0,0
"Otu00328",0,7,0,2,0,0,0,1,0,0,0,0,0,0,1,0,0,2,0,0,0,0,0,0,0,0,0,2,0,0,0,20,0,0,0,0,0,0,0,0,0,0,0,2,0,0,0,0,0,0,0,0,0,0,0,0,0,0,0,0,0,0,0,0,0,0,0,0,0,0,0,0,0,0,0,0,0,0,0,0
"Otu00714",0,0,0,0,0,0,0,0,0,0,0,0,0,0,0,0,0,0,0,0,0,0,0,0,0,0,0,0,0,0,0,0,0,0,0,1,2,0,0,0,0,1,0,0,0,0,0,0,0,0,0,0,0,0,0,0,0,0,0,0,0,0,0,0,0,0,0,0,0,0,0,0,0,0,0,0,0,0,0,0
"Otu00031",0,0,84,304,0,0,0,33,0,362,0,0,0,0,0,12,0,55,0,0,0,0,0,0,0,0,0,0,32,0,0,0,0,4,0,0,0,0,0,0,0,0,0,0,22,0,0,0,0,0,0,0,0,279,0,0,0,0,0,1,0,5,39,0,0,0,0,0,0,0,0,0,0,0,0,0,0,0,0,0
"Otu00237",0,28,0,1,6,0,0,32,72,0,0,0,0,0,0,0,0,0,2,0,0,0,1,0,0,1,0,0,0,0,0,0,0,0,0,0,0,0,0,0,0,0,0,0,0,0,0,0,0,0,0,0,0,0,0,0,0,0,0,0,0,0,0,0,0,0,0,0,0,0,0,0,0,0,0,0,0,0,0,0
"Otu00079",0,0,0,0,0,6,25,0,0,0,0,0,0,0,0,0,0,3,0,0,0,0,0,0,0,0,4,0,0,0,0,1,2,0,0,0,0,0,0,1,0,0,0,0,0,0,6,0,0,0,0,0,0,0,0,0,0,0,0,0,0,0,0,5,0,0,0,0,1,0,0,0,0,0,12,0,0,0,0,0
"Otu00765",0,0,0,0,0,0,0,0,0,0,0,0,0,0,0,0,0,0,0,0,0,0,0,0,0,0,0,0,0,0,0,0,0,0,0,0,0,0,0,3,0,0,0,0,0,0,0,0,0,0,0,0,0,0,0,0,0,0,1,0,0,0,0,0,0,0,0,0,0,0,0,0,0,0,0,0,0,0,0,0
"Otu00346",0,2,0,0,0,0,18,2,3,0,0,0,0,0,0,0,0,1,0,0,1,0,0,0,0,0,0,0,0,0,1,0,1,0,0,0,0,0,0,0,0,0,0,0,0,0,0,0,0,0,0,1,0,2,0,0,0,5,0,0,0,0,0,0,0,0,1,0,0,2,0,0,0,0,0,0,0,0,0,0
"Otu00038",0,0,39,3,7,7,35,0,0,0,3,1,0,4,160,0,0,4,3,61,1,0,0,2,0,0,0,0,0,12,0,0,0,0,0,85,10,0,0,0,20,0,0,0,0,0,0,0,0,0,0,0,0,0,0,2,0,0,0,0,2,0,0,6,0,6,0,1,0,10,0,0,0,0,0,0,0,0,0,0
"Otu00534",0,0,0,0,0,0,0,1,3,0,0,0,0,0,0,0,0,0,0,0,4,0,0,0,0,0,0,0,0,0,0,0,0,0,0,0,0,0,0,0,0,0,0,0,0,0,0,0,0,0,0,0,0,0,0,0,0,0,0,0,0,0,0,0,0,0,0,0,0,0,0,0,0,0,0,0,1,0,0,0
"Otu00805",0,0,0,0,0,0,0,0,0,0,0,0,0,0,0,0,0,0,0,0,0,0,0,0,0,0,0,2,0,0,0,0,0,0,0,0,1,0,0,0,0,0,0,0,0,0,0,0,0,0,0,0,0,0,0,0,0,0,0,0,0,0,0,0,0,0,0,0,0,0,0,0,0,0,0,0,0,0,0,0
"Otu00463",0,0,0,2,0,0,0,0,0,0,0,0,0,0,0,0,0,0,0,0,0,0,0,0,0,0,0,0,0,0,0,2,0,0,0,0,0,0,0,0,0,0,0,0,0,0,0,0,0,0,0,0,0,0,0,0,0,0,0,0,0,0,0,0,0,0,0,0,0,0,0,0,0,0,0,0,0,0,0,0
"Otu00008",0,0,24,1928,251,0,0,291,2,0,0,849,13,134,519,23,0,0,0,0,0,0,0,0,91,2,19,0,0,0,0,0,0,0,0,97,0,116,3,0,0,26,0,0,8,30,4,262,2,0,0,0,0,0,0,0,0,932,0,4,0,0,0,0,0,0,1,0,1,0,0,0,0,6,0,290,1592,6,0,0
"Otu00632",0,1,0,0,0,0,0,0,0,0,0,3,0,0,0,0,0,0,0,0,0,0,0,0,0,0,0,0,0,0,0,0,0,0,0,0,0,0,0,0,0,0,0,0,0,0,0,0,0,0,0,0,0,0,0,0,0,0,0,0,0,0,0,0,0,0,0,0,0,0,0,0,0,0,0,0,0,0,0,0
"Otu00430",0,0,0,0,0,0,0,0,0,0,0,0,0,0,0,0,0,0,0,0,0,0,0,0,0,0,0,0,0,0,0,0,0,0,0,0,0,0,0,0,0,0,0,0,0,0,0,0,0,0,0,0,0,0,0,0,0,0,0,0,0,0,0,2,0,0,0,0,0,0,0,0,0,0,0,0,0,0,0,0
"Otu00305",0,0,0,0,0,0,0,4,0,0,0,0,0,0,0,0,0,0,0,0,0,0,1,5,0,0,0,0,0,0,0,5,0,0,0,3,0,0,0,0,0,0,0,0,0,0,0,0,2,0,0,0,0,0,0,0,0,0,0,0,0,0,0,0,2,0,0,0,1,0,0,0,0,3,0,0,0,0,0,0
"Otu00611",0,0,0,0,0,0,0,0,0,0,0,0,0,0,0,0,0,0,0,0,0,0,0,0,0,0,0,0,0,0,0,0,0,0,0,0,0,0,0,0,1,0,0,0,0,0,0,0,0,0,0,0,0,0,0,0,0,0,0,0,0,0,0,0,0,0,0,0,0,0,0,0,0,0,0,0,0,0,0,0
"Otu00607",0,2,0,0,0,0,0,0,0,0,0,0,0,0,0,0,0,0,0,0,0,0,0,0,0,0,0,0,0,0,0,0,0,0,0,0,0,0,0,0,0,0,0,0,0,0,0,0,0,0,0,0,0,0,0,0,0,0,0,0,0,0,0,0,0,0,0,0,0,0,0,0,0,0,0,0,0,0,0,0
"Otu00626",0,0,1,0,0,0,0,0,0,0,0,0,0,0,0,0,0,0,0,0,0,0,0,0,0,0,0,0,0,1,0,0,0,0,0,0,0,0,0,0,0,0,0,0,0,0,0,0,0,0,0,0,0,0,0,0,0,0,0,0,0,0,0,0,0,0,0,0,0,0,0,0,0,0,0,0,1,0,0,0
"Otu00218",4,0,0,0,0,0,2,0,0,0,0,0,0,0,0,0,0,0,0,14,0,7,0,0,0,0,96,0,0,0,0,0,0,0,0,0,0,0,0,0,0,0,0,0,10,0,46,0,0,0,0,0,0,0,0,0,0,0,0,0,0,0,0,0,0,0,0,0,0,0,0,0,122,0,0,0,0,0,0,0
"Otu00655",0,0,0,0,0,0,0,0,0,1,0,0,0,0,0,0,0,0,0,0,0,0,0,0,0,0,0,0,0,0,0,0,4,1,0,0,0,0,0,0,0,0,0,0,0,0,0,0,0,0,0,0,0,0,0,0,0,0,0,0,0,0,0,0,0,0,0,0,0,0,0,0,0,0,0,0,0,0,0,0
"Otu00199",29,0,0,0,0,0,0,0,0,9,0,0,1,0,0,0,0,0,0,0,0,0,0,0,0,0,0,0,0,0,0,0,0,0,0,0,0,0,102,0,0,0,0,0,0,1,0,0,0,0,0,0,1,0,0,0,0,0,0,0,0,0,0,0,0,0,0,0,0,0,0,0,0,0,0,0,0,0,0,0
"Otu00113",0,77,2,0,0,0,21,1,4,38,0,1,22,50,54,1,0,0,0,0,24,7,2,0,0,1,0,0,10,0,0,5,0,1,0,2,19,0,0,0,0,4,2,0,0,0,0,0,0,0,127,0,158,0,0,0,32,0,0,0,0,0,49,4,16,0,0,0,0,11,1,0,2,0,0,0,0,0,1,0
"Otu00422",0,0,0,0,1,0,0,0,0,0,0,0,0,0,0,0,0,0,1,0,1,0,1,0,0,0,0,0,0,0,1,0,0,0,0,0,0,0,0,0,0,0,0,0,0,0,0,0,0,0,0,0,0,0,0,0,0,0,0,0,0,0,0,0,0,0,0,0,0,0,0,0,0,0,0,0,0,0,0,0
"Otu00068",0,0,0,0,0,0,0,3,0,0,0,0,0,0,0,0,0,0,0,0,0,0,0,0,0,0,0,0,0,0,0,0,0,0,0,0,0,0,0,0,0,0,0,0,0,0,0,0,0,0,0,0,0,0,0,0,0,0,0,0,0,0,0,0,0,0,0,0,0,0,0,0,3,0,0,0,0,0,0,0
"Otu00078",48,0,119,4,40,0,25,25,167,30,22,41,0,4,0,4,0,11,16,25,16,33,4,26,3,31,0,14,0,0,53,0,17,2,5,3,57,1,0,0,0,0,27,15,0,0,0,0,0,4,0,13,0,5,2,0,263,2,1,0,4,0,0,0,16,8,3,0,0,9,0,0,0,0,0,3,14,0,1,0
"Otu00395",0,0,0,0,0,11,0,0,0,0,0,0,0,0,2,0,0,1,0,0,0,0,0,0,0,3,0,0,0,0,0,0,2,0,0,0,0,0,0,0,0,0,0,0,0,0,0,0,0,0,0,1,0,0,0,0,0,0,0,0,0,0,0,0,0,0,0,0,0,0,0,0,0,0,0,0,0,0,0,0
"Otu00300",0,0,0,0,0,0,0,1,0,0,0,0,0,0,0,0,0,0,3,0,0,0,0,0,0,2,0,0,0,0,1,0,0,0,0,0,0,0,0,0,0,0,0,0,0,0,0,0,0,0,0,0,0,0,0,0,0,0,0,0,0,0,0,0,0,0,0,0,0,0,0,0,0,0,0,0,0,0,0,0
"Otu00745",0,0,0,0,0,0,0,0,0,0,0,0,0,0,0,0,0,0,0,0,0,0,0,0,0,0,0,0,0,0,0,0,0,0,0,0,0,1,0,0,3,0,0,0,0,0,0,0,0,0,0,0,0,0,0,0,0,0,0,0,0,0,0,0,0,0,0,0,0,0,0,0,0,0,0,0,0,0,0,0
